"0","# Sample data with a grouping variable"
"0","data <- data.frame("
"0","  category = rep(c(""A"", ""B"", ""C""), 2),"
"0","  count = c(10, 15, 20, 5, 10, 15),"
"0","  group = rep(c(""Group 1"", ""Group 2""), each = 3)"
"0",")"
"0",""
"0","Barplot_variations <- data.frame("
"0","                      variations = c(""Black Dot"", ""Black Plus"", ""Black Show"", ""Black Spot"", ""White Dot"", ""White Plus"", ""White Show"", ""White Spot""),"
"0","                      values = c(516, 270, 265, 241, 184, 78, 85, 109),"
"0","                      group = rep(c(""Black Variations"", ""White Variations""), each = 4)"
"0",")"
"0",""
"0",""
"0","ggplot(Barplot_variations, aes(x = variations, y = values)) +"
"0","  geom_bar(stat = ""identity"") +"
"0","  facet_wrap(~ group) +"
"0","  labs(title = ""Side-by-Side Bar Plots Variations"") + theme(axis.text.x = element_text(angle = 90, vjust = 0.5))"
